Date,Time,Temperature,Tair,Treflect
8:28:00 PM,0,20.53,19.333,20.94
8:28:00 PM,0.1,20.56,19.334,20.97
8:28:00 PM,0.2,20.62,19.335,21.03
8:28:00 PM,0.3,20.71,19.336,21.08
8:28:00 PM,0.4,20.66,19.336,21.01
8:28:00 PM,0.5,20.66,19.336,21.01
8:28:00 PM,0.6,20.66,19.336,21.01
8:28:00 PM,0.7,20.66,19.337,21.01
8:28:00 PM,0.8,20.66,19.339,21.01
8:28:00 PM,0.9,20.66,19.34,21.01
8:28:01 PM,1,20.66,19.339,21.01
8:28:01 PM,1.1,20.66,19.337,21.01
8:28:01 PM,1.2,20.66,19.336,21.01
8:28:01 PM,1.3,20.66,19.337,21.01
8:28:01 PM,1.4,20.66,19.339,21.01
8:28:01 PM,1.5,20.66,19.34,21.01
8:28:01 PM,1.6,20.66,19.34,21.01
8:28:01 PM,1.7,21.05,19.34,21.08
8:28:01 PM,1.8,21.12,19.34,21.14
8:28:01 PM,1.9,21.14,19.34,21.13
8:28:02 PM,2,21.17,19.34,21.12
8:28:02 PM,2.1,21.2,19.34,21.13
8:28:02 PM,2.2,21.3,19.342,21.2
8:28:02 PM,2.3,21.31,19.345,21.18
8:28:02 PM,2.4,21.33,19.347,21.17
8:28:02 PM,2.5,21.35,19.347,21.17
8:28:02 PM,2.6,21.45,19.347,21.23
8:28:02 PM,2.7,21.47,19.347,21.24
8:28:02 PM,2.8,21.5,19.347,21.23
8:28:02 PM,2.9,21.51,19.347,21.23
8:28:03 PM,3,21.5,19.347,21.17
8:28:03 PM,3.1,21.47,19.346,21.13
8:28:03 PM,3.2,21.52,19.345,21.15
8:28:03 PM,3.3,21.51,19.344,21.12
8:28:03 PM,3.4,21.53,19.342,21.11
8:28:03 PM,3.5,21.6,19.341,21.15
8:28:03 PM,3.6,21.6,19.34,21.13
8:28:03 PM,3.7,21.61,19.341,21.12
8:28:03 PM,3.8,21.7,19.342,21.18
8:28:03 PM,3.9,21.73,19.343,21.19
8:28:04 PM,4,21.75,19.346,21.17
8:28:04 PM,4.1,21.82,19.348,21.21
8:28:04 PM,4.2,21.78,19.351,21.17
8:28:04 PM,4.3,21.82,19.351,21.19
8:28:04 PM,4.4,21.85,19.351,21.18
8:28:04 PM,4.5,21.91,19.351,21.19
8:28:04 PM,4.6,21.94,19.351,21.2
8:28:04 PM,4.7,21.95,19.351,21.22
8:28:04 PM,4.8,22,19.351,21.21
8:28:04 PM,4.9,22.03,19.351,21.21
8:28:05 PM,5,22.04,19.351,21.21
8:28:05 PM,5.1,22.12,19.351,21.26
8:28:05 PM,5.2,22.15,19.352,21.26
8:28:05 PM,5.3,22.15,19.353,21.24
8:28:05 PM,5.4,22.16,19.354,21.24
8:28:05 PM,5.5,22.16,19.357,21.24
8:28:05 PM,5.6,22.16,19.359,21.24
8:28:05 PM,5.7,22.16,19.362,21.24
8:28:05 PM,5.8,22.16,19.361,21.24
8:28:05 PM,5.9,22.16,19.359,21.24
8:28:06 PM,6,22.16,19.358,21.24
8:28:06 PM,6.1,22.16,19.359,21.24
8:28:06 PM,6.2,22.16,19.361,21.24
8:28:06 PM,6.3,22.16,19.362,21.24
8:28:06 PM,6.4,22.16,19.362,21.24
8:28:06 PM,6.5,22.16,19.362,21.24
8:28:06 PM,6.6,22.6,19.362,21.4
8:28:06 PM,6.7,22.63,19.361,21.42
8:28:06 PM,6.8,22.66,19.359,21.41
8:28:06 PM,6.9,22.7,19.358,21.44
8:28:07 PM,7,22.74,19.357,21.42
8:28:07 PM,7.1,22.75,19.356,21.42
8:28:07 PM,7.2,22.75,19.354,21.42
8:28:07 PM,7.3,22.77,19.353,21.41
8:28:07 PM,7.4,22.81,19.352,21.42
8:28:07 PM,7.5,22.81,19.351,21.42
8:28:07 PM,7.6,22.83,19.351,21.4
8:28:07 PM,7.7,22.87,19.351,21.43
8:28:07 PM,7.8,22.93,19.351,21.45
8:28:07 PM,7.9,22.94,19.352,21.44
8:28:08 PM,8,22.95,19.353,21.44
8:28:08 PM,8.1,22.97,19.354,21.44
8:28:08 PM,8.2,22.94,19.354,21.39
8:28:08 PM,8.3,22.95,19.354,21.38
8:28:08 PM,8.4,23.02,19.354,21.44
8:28:08 PM,8.5,23.05,19.354,21.45
8:28:08 PM,8.6,23.12,19.354,21.46
8:28:08 PM,8.7,23.09,19.354,21.42
8:28:08 PM,8.8,23.12,19.354,21.44
8:28:08 PM,8.9,23.12,19.354,21.43
8:28:09 PM,9,23.17,19.354,21.44
8:28:09 PM,9.1,23.16,19.357,21.42
8:28:09 PM,9.2,23.22,19.359,21.45
8:28:09 PM,9.3,23.2,19.362,21.43
8:28:09 PM,9.4,23.21,19.362,21.42
8:28:09 PM,9.5,23.25,19.362,21.44
8:28:09 PM,9.6,23.26,19.362,21.43
8:28:09 PM,9.7,23.34,19.36,21.48
8:28:09 PM,9.8,23.33,19.359,21.46
8:28:09 PM,9.9,23.31,19.358,21.43
8:28:10 PM,10,23.31,19.358,21.4
8:28:10 PM,10.1,23.29,19.358,21.38
8:28:10 PM,10.2,23.27,19.358,21.36
8:28:10 PM,10.3,23.26,19.359,21.34
8:28:10 PM,10.4,23.26,19.36,21.34
8:28:10 PM,10.5,23.26,19.362,21.34
8:28:10 PM,10.6,23.26,19.362,21.34
8:28:10 PM,10.7,23.26,19.362,21.34
8:28:10 PM,10.8,23.26,19.362,21.34
8:28:10 PM,10.9,23.26,19.362,21.34
8:28:11 PM,11,23.26,19.362,21.34
8:28:11 PM,11.1,23.26,19.362,21.34
8:28:11 PM,11.2,23.26,19.363,21.34
8:28:11 PM,11.3,23.26,19.364,21.34
8:28:11 PM,11.4,23.26,19.365,21.34
8:28:11 PM,11.5,23.26,19.364,21.34
8:28:11 PM,11.6,23.13,19.363,21.28
8:28:11 PM,11.7,23.11,19.362,21.27
8:28:11 PM,11.8,23.08,19.363,21.24
8:28:11 PM,11.9,23.06,19.364,21.25
8:28:12 PM,12,23.1,19.365,21.29
8:28:12 PM,12.1,23.05,19.365,21.25
8:28:12 PM,12.2,23.06,19.365,21.27
8:28:12 PM,12.3,23.05,19.365,21.25
8:28:12 PM,12.4,23.02,19.366,21.23
8:28:12 PM,12.5,23.02,19.368,21.24
8:28:12 PM,12.6,23,19.369,21.24
8:28:12 PM,12.7,23.03,19.371,21.26
8:28:12 PM,12.8,22.92,19.374,21.17
8:28:12 PM,12.9,22.92,19.376,21.19
8:28:13 PM,13,22.96,19.375,21.22
8:28:13 PM,13.1,22.94,19.374,21.21
8:28:13 PM,13.2,22.92,19.373,21.22
8:28:13 PM,13.3,22.92,19.371,21.23
8:28:13 PM,13.4,22.91,19.37,21.23
8:28:13 PM,13.5,22.92,19.369,21.25
8:28:13 PM,13.6,22.93,19.371,21.26
8:28:13 PM,13.7,22.93,19.374,21.27
8:28:13 PM,13.8,22.91,19.376,21.27
8:28:13 PM,13.9,22.94,19.376,21.3
8:28:14 PM,14,22.84,19.376,21.24
8:28:14 PM,14.1,22.85,19.376,21.23
8:28:14 PM,14.2,22.8,19.376,21.19
8:28:14 PM,14.3,22.79,19.376,21.18
8:28:14 PM,14.4,22.8,19.376,21.2
8:28:14 PM,14.5,22.78,19.377,21.19
8:28:14 PM,14.6,22.75,19.379,21.19
8:28:14 PM,14.7,22.77,19.38,21.22
8:28:14 PM,14.8,22.76,19.379,21.21
8:28:14 PM,14.9,22.74,19.377,21.2
8:28:15 PM,15,22.71,19.376,21.18
8:28:15 PM,15.1,22.71,19.376,21.18
8:28:15 PM,15.2,22.69,19.376,21.18
8:28:15 PM,15.3,22.68,19.376,21.18
8:28:15 PM,15.4,22.68,19.38,21.18
8:28:15 PM,15.5,22.68,19.383,21.18
8:28:15 PM,15.6,22.68,19.387,21.18
8:28:15 PM,15.7,22.68,19.386,21.18
8:28:15 PM,15.8,22.68,19.385,21.18
8:28:15 PM,15.9,22.68,19.383,21.18
8:28:16 PM,16,22.68,19.386,21.18
8:28:16 PM,16.1,22.68,19.388,21.18
8:28:16 PM,16.2,22.68,19.391,21.18
8:28:16 PM,16.3,22.68,19.389,21.18
8:28:16 PM,16.4,22.68,19.388,21.18
8:28:16 PM,16.5,22.57,19.387,21.17
8:28:16 PM,16.6,22.57,19.387,21.18
8:28:16 PM,16.7,22.55,19.387,21.17
8:28:16 PM,16.8,22.54,19.387,21.16
8:28:16 PM,16.9,22.53,19.387,21.15
8:28:17 PM,17,22.54,19.387,21.16
8:28:17 PM,17.1,22.53,19.387,21.17
8:28:17 PM,17.2,22.56,19.387,21.22
8:28:17 PM,17.3,22.53,19.387,21.2
8:28:17 PM,17.4,22.49,19.387,21.18
8:28:17 PM,17.5,22.47,19.385,21.16
8:28:17 PM,17.6,22.45,19.382,21.15
8:28:17 PM,17.7,22.48,19.38,21.16
8:28:17 PM,17.8,22.47,19.381,21.19
8:28:17 PM,17.9,22.47,19.382,21.17
8:28:18 PM,18,22.47,19.383,21.18
8:28:18 PM,18.1,22.47,19.386,21.19
8:28:18 PM,18.2,22.43,19.388,21.18
8:28:18 PM,18.3,22.44,19.391,21.18
8:28:18 PM,18.4,22.45,19.391,21.2
8:28:18 PM,18.5,22.44,19.391,21.21
8:28:18 PM,18.6,22.4,19.391,21.17
8:28:18 PM,18.7,22.39,19.389,21.16
8:28:18 PM,18.8,22.4,19.388,21.16
8:28:18 PM,18.9,22.4,19.387,21.18
8:28:19 PM,19,22.39,19.389,21.18
8:28:19 PM,19.1,22.34,19.392,21.14
8:28:19 PM,19.2,22.32,19.394,21.13
8:28:19 PM,19.3,22.3,19.397,21.11
8:28:19 PM,19.4,22.33,19.399,21.14
8:28:19 PM,19.5,22.38,19.402,21.19
8:28:19 PM,19.6,22.3,19.397,21.13
8:28:19 PM,19.7,22.28,19.392,21.11
8:28:19 PM,19.8,22.29,19.387,21.14
8:28:19 PM,19.9,22.25,19.389,21.13
8:28:20 PM,20,22.27,19.392,21.15
8:28:20 PM,20.1,22.24,19.394,21.13
8:28:20 PM,20.2,22.25,19.393,21.13
8:28:20 PM,20.3,22.26,19.392,21.15
8:28:20 PM,20.4,22.23,19.391,21.12
8:28:20 PM,20.5,22.23,19.392,21.12
8:28:20 PM,20.6,22.23,19.393,21.12
8:28:20 PM,20.7,22.23,19.394,21.12
8:28:20 PM,20.8,22.23,19.394,21.12
8:28:20 PM,20.9,22.23,19.394,21.12
8:28:21 PM,21,22.23,19.394,21.12
8:28:21 PM,21.1,22.23,19.393,21.12
8:28:21 PM,21.2,22.23,19.392,21.12
8:28:21 PM,21.3,22.23,19.391,21.12
8:28:21 PM,21.4,22.23,19.388,21.12
8:28:21 PM,21.5,22.23,19.386,21.12
8:28:21 PM,21.6,22.23,19.383,21.12
8:28:21 PM,21.7,22.06,19.386,21.07
8:28:21 PM,21.8,22.11,19.388,21.11
8:28:21 PM,21.9,22.07,19.391,21.09
8:28:22 PM,22,22.09,19.391,21.1
8:28:22 PM,22.1,22.04,19.391,21.06
8:28:22 PM,22.2,22.07,19.391,21.11
8:28:22 PM,22.3,22.11,19.391,21.17
8:28:22 PM,22.4,22.08,19.391,21.12
8:28:22 PM,22.5,22.08,19.391,21.12
8:28:22 PM,22.6,22.08,19.392,21.14
8:28:22 PM,22.7,22.06,19.393,21.12
8:28:22 PM,22.8,22.04,19.394,21.1
8:28:22 PM,22.9,22.03,19.394,21.1
8:28:23 PM,23,21.99,19.394,21.09
8:28:23 PM,23.1,21.97,19.394,21.06
8:28:23 PM,23.2,21.96,19.391,21.07
8:28:23 PM,23.3,21.96,19.387,21.07
8:28:23 PM,23.4,21.94,19.383,21.06
8:28:23 PM,23.5,21.94,19.381,21.05
8:28:23 PM,23.6,21.96,19.378,21.09
8:28:23 PM,23.7,21.95,19.376,21.08
8:28:23 PM,23.8,21.9,19.376,21.04
8:28:23 PM,23.9,21.88,19.376,21.03
8:28:24 PM,24,21.89,19.376,21.04
8:28:24 PM,24.1,21.93,19.375,21.09
8:28:24 PM,24.2,21.95,19.373,21.1
8:28:24 PM,24.3,21.9,19.372,21.06
8:28:24 PM,24.4,21.89,19.375,21.06
8:28:24 PM,24.5,21.9,19.377,21.08
8:28:24 PM,24.6,21.88,19.379,21.06
8:28:24 PM,24.7,21.86,19.378,21.05
8:28:24 PM,24.8,21.84,19.377,21.04
8:28:24 PM,24.9,21.91,19.376,21.1
8:28:25 PM,25,21.86,19.377,21.06
8:28:25 PM,25.1,21.82,19.378,21.03
8:28:25 PM,25.2,21.87,19.379,21.09
8:28:25 PM,25.3,21.85,19.382,21.07
8:28:25 PM,25.4,21.85,19.384,21.08
8:28:25 PM,25.5,21.85,19.387,21.08
8:28:25 PM,25.6,21.85,19.39,21.08
8:28:25 PM,25.7,21.85,19.394,21.08
8:28:25 PM,25.8,21.85,19.398,21.08
8:28:25 PM,25.9,21.85,19.396,21.08
8:28:26 PM,26,21.85,19.395,21.08
8:28:26 PM,26.1,21.85,19.394,21.08
8:28:26 PM,26.2,21.85,19.395,21.08
8:28:26 PM,26.3,21.85,19.396,21.08
8:28:26 PM,26.4,21.85,19.398,21.08
8:28:26 PM,26.5,21.85,19.4,21.08
8:28:26 PM,26.6,21.86,19.403,21.14
8:28:26 PM,26.7,21.85,19.405,21.14
8:28:26 PM,26.8,21.86,19.401,21.17
8:28:26 PM,26.9,21.83,19.398,21.14
8:28:27 PM,27,21.79,19.394,21.09
8:28:27 PM,27.1,21.77,19.396,21.08
8:28:27 PM,27.2,21.74,19.399,21.06
8:28:27 PM,27.3,21.72,19.401,21.05
8:28:27 PM,27.4,21.76,19.404,21.11
8:28:27 PM,27.5,21.78,19.406,21.12
8:28:27 PM,27.6,21.76,19.409,21.09
8:28:27 PM,27.7,21.77,19.407,21.11
8:28:27 PM,27.8,21.8,19.406,21.15
8:28:27 PM,27.9,21.8,19.405,21.16
8:28:28 PM,28,21.74,19.405,21.1
8:28:28 PM,28.1,21.73,19.405,21.09
8:28:28 PM,28.2,21.76,19.405,21.13
8:28:28 PM,28.3,21.72,19.407,21.11
8:28:28 PM,28.4,21.69,19.41,21.08
8:28:28 PM,28.5,21.69,19.412,21.07
8:28:28 PM,28.6,21.72,19.414,21.1
8:28:28 PM,28.7,21.68,19.415,21.08
8:28:28 PM,28.8,21.65,19.416,21.07
8:28:28 PM,28.9,21.64,19.415,21.07
8:28:29 PM,29,21.71,19.413,21.13
8:28:29 PM,29.1,21.66,19.412,21.08
8:28:29 PM,29.2,21.64,19.413,21.07
8:28:29 PM,29.3,21.65,19.415,21.09
8:28:29 PM,29.4,21.62,19.416,21.06
8:28:29 PM,29.5,21.61,19.416,21.05
8:28:29 PM,29.6,21.61,19.416,21.06
8:28:29 PM,29.7,21.66,19.416,21.11
8:28:29 PM,29.8,21.63,19.418,21.09
8:28:29 PM,29.9,21.62,19.421,21.08
8:28:30 PM,30,21.59,19.423,21.04
8:28:30 PM,30.1,21.58,19.426,21.05
8:28:30 PM,30.2,21.6,19.428,21.07
8:28:30 PM,30.3,21.59,19.43,21.06
8:28:30 PM,30.4,21.59,19.437,21.06
8:28:30 PM,30.5,21.59,19.443,21.06
8:28:30 PM,30.6,21.59,19.449,21.06
8:28:30 PM,30.7,21.59,19.451,21.06
8:28:30 PM,30.8,21.59,19.454,21.06
8:28:30 PM,30.9,21.59,19.456,21.06
8:28:31 PM,31,21.59,19.46,21.06
8:28:31 PM,31.1,21.59,19.464,21.06
8:28:31 PM,31.2,21.59,19.467,21.06
8:28:31 PM,31.3,21.59,19.47,21.06
8:28:31 PM,31.4,21.59,19.472,21.06
8:28:31 PM,31.5,21.52,19.475,21.05
8:28:31 PM,31.6,21.47,19.475,21.02
8:28:31 PM,31.7,21.48,19.474,21.02
8:28:31 PM,31.8,21.54,19.474,21.07
8:28:31 PM,31.9,21.48,19.476,21.03
8:28:32 PM,32,21.45,19.477,21.01
8:28:32 PM,32.1,21.49,19.478,21.03
8:28:32 PM,32.2,21.5,19.481,21.05
8:28:32 PM,32.3,21.49,19.483,21.04
8:28:32 PM,32.4,21.49,19.485,21.05
8:28:32 PM,32.5,21.48,19.487,21.03
8:28:32 PM,32.6,21.48,19.488,21.05
8:28:32 PM,32.7,21.47,19.489,21.03
8:28:32 PM,32.8,21.48,19.49,21.06
8:28:32 PM,32.9,21.49,19.492,21.07
8:28:33 PM,33,21.48,19.493,21.06
8:28:33 PM,33.1,21.48,19.494,21.07
8:28:33 PM,33.2,21.51,19.495,21.1
8:28:33 PM,33.3,21.53,19.496,21.14
8:28:33 PM,33.4,21.51,19.495,21.13
8:28:33 PM,33.5,21.48,19.494,21.09
8:28:33 PM,33.6,21.5,19.493,21.1
8:28:33 PM,33.7,21.49,19.495,21.11
8:28:33 PM,33.8,21.48,19.498,21.11
8:28:33 PM,33.9,21.48,19.5,21.11
8:28:34 PM,34,21.47,19.504,21.1
8:28:34 PM,34.1,21.49,19.507,21.12
8:28:34 PM,34.2,21.45,19.511,21.08
8:28:34 PM,34.3,21.46,19.512,21.11
8:28:34 PM,34.4,21.45,19.514,21.12
8:28:34 PM,34.5,21.43,19.515,21.09
8:28:34 PM,34.6,21.46,19.511,21.12
8:28:34 PM,34.7,21.43,19.508,21.09
8:28:34 PM,34.8,21.41,19.504,21.07
8:28:34 PM,34.9,21.38,19.505,21.05
8:28:35 PM,35,21.43,19.506,21.1
8:28:35 PM,35.1,21.4,19.507,21.06
8:28:35 PM,35.2,21.42,19.5,21.09
8:28:35 PM,35.3,21.42,19.493,21.09
8:28:35 PM,35.4,21.42,19.485,21.1
8:28:35 PM,35.5,21.42,19.483,21.1
8:28:35 PM,35.6,21.42,19.481,21.1
8:28:35 PM,35.7,21.42,19.478,21.1
8:28:35 PM,35.8,21.42,19.473,21.1
8:28:35 PM,35.9,21.42,19.468,21.1
8:28:36 PM,36,21.42,19.463,21.1
8:28:36 PM,36.1,21.42,19.466,21.1
8:28:36 PM,36.2,21.42,19.468,21.1
8:28:36 PM,36.3,21.42,19.471,21.1
8:28:36 PM,36.4,21.42,19.472,21.1
8:28:36 PM,36.5,21.42,19.473,21.1
8:28:36 PM,36.6,21.31,19.474,21.02
8:28:36 PM,36.7,21.28,19.474,21.01
8:28:36 PM,36.8,21.32,19.474,21.04
8:28:36 PM,36.9,21.37,19.474,21.08
8:28:37 PM,37,21.35,19.473,21.08
8:28:37 PM,37.1,21.31,19.472,21.06
8:28:37 PM,37.2,21.32,19.471,21.07
8:28:37 PM,37.3,21.33,19.472,21.1
8:28:37 PM,37.4,21.3,19.473,21.06
8:28:37 PM,37.5,21.34,19.474,21.1
8:28:37 PM,37.6,21.33,19.476,21.1
8:28:37 PM,37.7,21.31,19.477,21.07
8:28:37 PM,37.8,21.31,19.478,21.07
8:28:37 PM,37.9,21.31,19.476,21.07
8:28:38 PM,38,21.35,19.473,21.12
8:28:38 PM,38.1,21.31,19.471,21.08
8:28:38 PM,38.2,21.33,19.472,21.09
8:28:38 PM,38.3,21.34,19.473,21.12
8:28:38 PM,38.4,21.33,19.474,21.1
8:28:38 PM,38.5,21.29,19.472,21.07
8:28:38 PM,38.6,21.27,19.469,21.08
8:28:38 PM,38.7,21.33,19.467,21.12
8:28:38 PM,38.8,21.29,19.463,21.09
8:28:38 PM,38.9,21.27,19.46,21.07
8:28:39 PM,39,21.24,19.456,21.04
8:28:39 PM,39.1,21.25,19.45,21.03
8:28:39 PM,39.2,21.27,19.444,21.07
8:28:39 PM,39.3,21.24,19.438,21.05
8:28:39 PM,39.4,21.3,19.435,21.1
8:28:39 PM,39.5,21.28,19.433,21.09
8:28:39 PM,39.6,21.24,19.43,21.06
8:28:39 PM,39.7,21.25,19.428,21.08
8:28:39 PM,39.8,21.3,19.425,21.1
8:28:39 PM,39.9,21.27,19.423,21.1
8:28:40 PM,40,21.25,19.422,21.09
8:28:40 PM,40.1,21.24,19.42,21.08
8:28:40 PM,40.2,21.26,19.419,21.08
8:28:40 PM,40.3,21.26,19.417,21.08
8:28:40 PM,40.4,21.25,19.414,21.09
8:28:40 PM,40.5,21.25,19.412,21.09
8:28:40 PM,40.6,21.25,19.413,21.09
8:28:40 PM,40.7,21.25,19.414,21.09
8:28:40 PM,40.8,21.25,19.416,21.09
8:28:40 PM,40.9,21.25,19.413,21.09
8:28:41 PM,41,21.25,19.411,21.09
8:28:41 PM,41.1,21.25,19.408,21.09
8:28:41 PM,41.2,21.25,19.412,21.09
8:28:41 PM,41.3,21.25,19.416,21.09
8:28:41 PM,41.4,21.25,19.419,21.09
8:28:41 PM,41.5,21.25,19.419,21.09
8:28:41 PM,41.6,21.16,19.419,21.03
8:28:41 PM,41.7,21.18,19.419,21.04
8:28:41 PM,41.8,21.17,19.423,21.05
8:28:41 PM,41.9,21.16,19.427,21.03
8:28:42 PM,42,21.16,19.43,21.04
8:28:42 PM,42.1,21.17,19.433,21.04
8:28:42 PM,42.2,21.24,19.435,21.11
8:28:42 PM,42.3,21.21,19.438,21.09
8:28:42 PM,42.4,21.16,19.441,21.03
8:28:42 PM,42.5,21.15,19.445,21.04
8:28:42 PM,42.6,21.14,19.449,21.03
8:28:42 PM,42.7,21.11,19.451,21
8:28:42 PM,42.8,21.13,19.454,21.03
8:28:42 PM,42.9,21.13,19.456,21.03
8:28:43 PM,43,21.12,19.457,21.02
8:28:43 PM,43.1,21.1,19.458,21
8:28:43 PM,43.2,21.11,19.46,21
8:28:43 PM,43.3,21.14,19.463,21.03
8:28:43 PM,43.4,21.16,19.467,21.06
8:28:43 PM,43.5,21.13,19.471,21.02
8:28:43 PM,43.6,21.12,19.467,21.02
8:28:43 PM,43.7,21.16,19.463,21.06
8:28:43 PM,43.8,21.09,19.46,21
8:28:43 PM,43.9,21.08,19.461,20.98
8:28:44 PM,44,21.07,19.462,20.99
8:28:44 PM,44.1,21.08,19.463,20.99
8:28:44 PM,44.2,21.15,19.466,21.07
8:28:44 PM,44.3,21.13,19.468,21.04
8:28:44 PM,44.4,21.11,19.471,21.02
8:28:44 PM,44.5,21.06,19.471,20.98
8:28:44 PM,44.6,21.07,19.471,21
8:28:44 PM,44.7,21.1,19.471,21.01
8:28:44 PM,44.8,21.1,19.471,21.02
8:28:44 PM,44.9,21.07,19.471,21
8:28:45 PM,45,21.04,19.471,20.97
8:28:45 PM,45.1,21.02,19.471,20.96
8:28:45 PM,45.2,21.07,19.471,21.02
8:28:45 PM,45.3,21.05,19.471,21.01
8:28:45 PM,45.4,21.04,19.471,20.98
8:28:45 PM,45.5,21.04,19.471,20.98
8:28:45 PM,45.6,21.04,19.471,20.98
8:28:45 PM,45.7,21.04,19.47,20.98
8:28:45 PM,45.8,21.04,19.468,20.98
8:28:45 PM,45.9,21.04,19.467,20.98
8:28:46 PM,46,21.04,19.468,20.98
8:28:46 PM,46.1,21.04,19.47,20.98
8:28:46 PM,46.2,21.04,19.471,20.98
8:28:46 PM,46.3,21.04,19.47,20.98
8:28:46 PM,46.4,21.04,19.468,20.98
8:28:46 PM,46.5,21.04,19.467,20.98
8:28:46 PM,46.6,21.02,19.467,21
8:28:46 PM,46.7,21.03,19.467,21.01
8:28:46 PM,46.8,21.05,19.467,21.02
8:28:46 PM,46.9,21.09,19.468,21.08
8:28:47 PM,47,21.06,19.47,21.06
8:28:47 PM,47.1,21.03,19.471,21.03
8:28:47 PM,47.2,21.05,19.473,21.04
8:28:47 PM,47.3,21.02,19.476,21.02
8:28:47 PM,47.4,21.07,19.478,21.05
8:28:47 PM,47.5,21.03,19.478,21.03
8:28:47 PM,47.6,21.03,19.478,21.04
8:28:47 PM,47.7,21.03,19.478,21.03
8:28:47 PM,47.8,20.98,19.482,21
8:28:47 PM,47.9,21.03,19.485,21.05
8:28:48 PM,48,21.02,19.489,21.04
8:28:48 PM,48.1,20.99,19.489,21.02
8:28:48 PM,48.2,20.99,19.489,21.02
8:28:48 PM,48.3,20.98,19.489,21.02
8:28:48 PM,48.4,21,19.49,21.04
8:28:48 PM,48.5,20.99,19.492,21.04
8:28:48 PM,48.6,21,19.493,21.04
8:28:48 PM,48.7,20.97,19.493,21.01
8:28:48 PM,48.8,20.98,19.493,21.02
8:28:48 PM,48.9,20.97,19.493,21.01
8:28:49 PM,49,21.02,19.493,21.06
8:28:49 PM,49.1,21.01,19.493,21.07
8:28:49 PM,49.2,21,19.493,21.06
8:28:49 PM,49.3,21,19.489,21.08
8:28:49 PM,49.4,21.01,19.485,21.06
8:28:49 PM,49.5,20.98,19.482,21.05
8:28:49 PM,49.6,21.02,19.482,21.07
8:28:49 PM,49.7,20.99,19.482,21.04
8:28:49 PM,49.8,20.98,19.482,21.03
8:28:49 PM,49.9,20.98,19.479,21.05
8:28:50 PM,50,20.98,19.477,21.04
8:28:50 PM,50.1,21,19.474,21.06
8:28:50 PM,50.2,21.02,19.473,21.08
8:28:50 PM,50.3,21.02,19.472,21.08
8:28:50 PM,50.4,21,19.471,21.06
8:28:50 PM,50.5,21,19.472,21.06
8:28:50 PM,50.6,21,19.473,21.06
8:28:50 PM,50.7,21,19.474,21.06
8:28:50 PM,50.8,21,19.477,21.06
8:28:50 PM,50.9,21,19.479,21.06
8:28:51 PM,51,21,19.482,21.06
8:28:51 PM,51.1,21,19.482,21.06
8:28:51 PM,51.2,21,19.482,21.06
8:28:51 PM,51.3,21,19.482,21.06
8:28:51 PM,51.4,21,19.482,21.06
8:28:51 PM,51.5,21,19.482,21.06
8:28:51 PM,51.6,20.92,19.482,21
8:28:51 PM,51.7,20.91,19.482,20.98
8:28:51 PM,51.8,20.89,19.482,20.97
8:28:51 PM,51.9,20.85,19.482,20.94
8:28:52 PM,52,20.93,19.478,21.02
8:28:52 PM,52.1,20.88,19.474,20.98
8:28:52 PM,52.2,20.88,19.471,20.97
8:28:52 PM,52.3,20.87,19.471,20.98
8:28:52 PM,52.4,20.87,19.471,20.98
8:28:52 PM,52.5,20.88,19.471,20.99
8:28:52 PM,52.6,20.87,19.473,20.98
8:28:52 PM,52.7,20.89,19.476,21.01
8:28:52 PM,52.8,20.88,19.478,20.98
8:28:52 PM,52.9,20.86,19.481,21
8:28:53 PM,53,20.92,19.483,21.05
8:28:53 PM,53.1,20.91,19.485,21.04
8:28:53 PM,53.2,20.9,19.482,21.03
8:28:53 PM,53.3,20.93,19.478,21.05
8:28:53 PM,53.4,20.93,19.474,21.04
8:28:53 PM,53.5,20.89,19.476,21
8:28:53 PM,53.6,20.89,19.477,21.02
8:28:53 PM,53.7,20.92,19.478,21.05
8:28:53 PM,53.8,20.88,19.478,21.01
8:28:53 PM,53.9,20.9,19.478,21.02
8:28:54 PM,54,20.93,19.478,21.06
8:28:54 PM,54.1,20.9,19.478,21.04
8:28:54 PM,54.2,20.89,19.478,21.02
8:28:54 PM,54.3,20.9,19.478,21.02
8:28:54 PM,54.4,20.88,19.479,21.01
8:28:54 PM,54.5,20.91,19.48,21.06
8:28:54 PM,54.6,20.9,19.482,21.04
8:28:54 PM,54.7,20.95,19.482,21.09
8:28:54 PM,54.8,20.96,19.482,21.1
8:28:54 PM,54.9,20.86,19.482,21
8:28:55 PM,55,20.84,19.483,21
8:28:55 PM,55.1,20.85,19.484,20.99
8:28:55 PM,55.2,20.81,19.485,20.96
8:28:55 PM,55.3,20.81,19.484,20.96
8:28:55 PM,55.4,20.8,19.483,20.95
8:28:55 PM,55.5,20.8,19.482,20.95
8:28:55 PM,55.6,20.8,19.484,20.95
8:28:55 PM,55.7,20.8,19.487,20.95
8:28:55 PM,55.8,20.8,19.489,20.95
8:28:55 PM,55.9,20.8,19.488,20.95
8:28:56 PM,56,20.8,19.487,20.95
8:28:56 PM,56.1,20.8,19.485,20.95
8:28:56 PM,56.2,20.8,19.484,20.95
8:28:56 PM,56.3,20.8,19.483,20.95
8:28:56 PM,56.4,20.8,19.482,20.95
8:28:56 PM,56.5,20.8,19.482,20.95
8:28:56 PM,56.6,20.86,19.482,21.02
8:28:56 PM,56.7,20.86,19.482,21.03
8:28:56 PM,56.8,20.84,19.482,21.03
8:28:56 PM,56.9,20.86,19.482,21.04
8:28:57 PM,57,20.87,19.482,21.04
8:28:57 PM,57.1,20.82,19.483,20.99
8:28:57 PM,57.2,20.8,19.484,20.99
8:28:57 PM,57.3,20.8,19.485,20.98
8:28:57 PM,57.4,20.78,19.484,20.98
8:28:57 PM,57.5,20.82,19.483,21.01
8:28:57 PM,57.6,20.84,19.482,21.04
8:28:57 PM,57.7,20.86,19.481,21.05
8:28:57 PM,57.8,20.83,19.479,21.02
8:28:57 PM,57.9,20.84,19.478,21.03
8:28:58 PM,58,20.84,19.479,21.02
8:28:58 PM,58.1,20.81,19.481,21.01
8:28:58 PM,58.2,20.82,19.482,21.02
8:28:58 PM,58.3,20.84,19.482,21.03
8:28:58 PM,58.4,20.8,19.482,20.99
8:28:58 PM,58.5,20.77,19.482,20.97
8:28:58 PM,58.6,20.76,19.481,20.96
8:28:58 PM,58.7,20.74,19.479,20.94
8:28:58 PM,58.8,20.77,19.478,20.97
8:28:58 PM,58.9,20.77,19.479,20.96
8:28:59 PM,59,20.72,19.481,20.92
8:28:59 PM,59.1,20.73,19.482,20.92
8:28:59 PM,59.2,20.71,19.481,20.92
8:28:59 PM,59.3,20.72,19.479,20.93
8:28:59 PM,59.4,20.75,19.478,20.95
8:28:59 PM,59.5,20.72,19.479,20.93
8:28:59 PM,59.6,20.7,19.481,20.91
8:28:59 PM,59.7,20.72,19.482,20.94
8:28:59 PM,59.8,20.71,19.479,20.92
8:28:59 PM,59.9,20.78,19.477,20.98
8:29:00 PM,60,20.72,19.474,20.93
8:29:00 PM,60.1,20.75,19.474,20.94
8:29:00 PM,60.2,20.7,19.474,20.91
8:29:00 PM,60.3,20.74,19.474,20.95
8:29:00 PM,60.4,20.74,19.472,20.95
8:29:00 PM,60.5,20.75,19.47,20.96
8:29:00 PM,60.6,20.76,19.467,20.97
8:29:00 PM,60.7,20.76,19.466,20.97
8:29:00 PM,60.8,20.76,19.465,20.97
8:29:00 PM,60.9,20.76,19.463,20.97
8:29:01 PM,61,20.76,19.467,20.97
8:29:01 PM,61.1,20.76,19.471,20.97
8:29:01 PM,61.2,20.76,19.474,20.97
8:29:01 PM,61.3,20.76,19.473,20.97
8:29:01 PM,61.4,20.76,19.472,20.97
8:29:01 PM,61.5,20.76,19.471,20.97
8:29:01 PM,61.6,20.76,19.473,20.97
8:29:01 PM,61.7,20.76,19.476,20.97
8:29:01 PM,61.8,20.77,19.478,21
8:29:01 PM,61.9,20.76,19.478,20.99
8:29:02 PM,62,20.78,19.478,21.02
8:29:02 PM,62.1,20.77,19.478,21.01
8:29:02 PM,62.2,20.75,19.478,21
8:29:02 PM,62.3,20.78,19.478,21.01
8:29:02 PM,62.4,20.75,19.478,21
8:29:02 PM,62.5,20.73,19.479,20.98
8:29:02 PM,62.6,20.75,19.481,20.98
8:29:02 PM,62.7,20.75,19.482,20.99
8:29:02 PM,62.8,20.75,19.482,21.01
8:29:02 PM,62.9,20.73,19.482,20.99
8:29:03 PM,63,20.78,19.482,21.02
8:29:03 PM,63.1,20.74,19.482,20.99
8:29:03 PM,63.2,20.77,19.482,21.03
8:29:03 PM,63.3,20.75,19.482,21
8:29:03 PM,63.4,20.76,19.481,21.02
8:29:03 PM,63.5,20.75,19.479,21
8:29:03 PM,63.6,20.79,19.478,21.04
8:29:03 PM,63.7,20.77,19.481,21.03
8:29:03 PM,63.8,20.84,19.483,21.09
8:29:03 PM,63.9,20.8,19.485,21.05
8:29:04 PM,64,20.82,19.485,21.08
8:29:04 PM,64.1,20.84,19.485,21.11
8:29:04 PM,64.2,20.82,19.485,21.09
8:29:04 PM,64.3,20.79,19.487,21.05
8:29:04 PM,64.4,20.79,19.488,21.04
8:29:04 PM,64.5,20.79,19.489,21.04
8:29:04 PM,64.6,20.75,19.492,21.01
8:29:04 PM,64.7,20.78,19.494,21.05
8:29:04 PM,64.8,20.77,19.496,21.04
8:29:04 PM,64.9,20.78,19.495,21.04
8:29:05 PM,65,20.79,19.494,21.06
8:29:05 PM,65.1,20.76,19.493,21.03
8:29:05 PM,65.2,20.79,19.492,21.06
8:29:05 PM,65.3,20.78,19.49,21.04
8:29:05 PM,65.4,20.76,19.489,21.03
8:29:05 PM,65.5,20.76,19.49,21.03
8:29:05 PM,65.6,20.76,19.492,21.03
8:29:05 PM,65.7,20.76,19.493,21.03
8:29:05 PM,65.8,20.76,19.49,21.03
8:29:05 PM,65.9,20.76,19.488,21.03
8:29:06 PM,66,20.76,19.485,21.03
8:29:06 PM,66.1,20.76,19.489,21.03
8:29:06 PM,66.2,20.76,19.493,21.03
8:29:06 PM,66.3,20.76,19.496,21.03
8:29:06 PM,66.4,20.76,19.495,21.03
8:29:06 PM,66.5,20.76,19.494,21.03
8:29:06 PM,66.6,20.76,19.493,21.03
8:29:06 PM,66.7,20.74,19.491,21.01
8:29:06 PM,66.8,20.73,19.49,21
8:29:06 PM,66.9,20.75,19.489,21.03
8:29:07 PM,67,20.72,19.489,21.01
8:29:07 PM,67.1,20.74,19.489,21.01
8:29:07 PM,67.2,20.79,19.489,21.07
8:29:07 PM,67.3,20.73,19.493,21.03
8:29:07 PM,67.4,20.73,19.496,21
8:29:07 PM,67.5,20.71,19.5,20.99
8:29:07 PM,67.6,20.73,19.501,21.02
8:29:07 PM,67.7,20.76,19.503,21.03
8:29:07 PM,67.8,20.72,19.504,21.01
8:29:07 PM,67.9,20.71,19.503,21.01
8:29:08 PM,68,20.74,19.501,21.03
8:29:08 PM,68.1,20.73,19.5,21.01
8:29:08 PM,68.2,20.7,19.503,20.98
8:29:08 PM,68.3,20.67,19.505,20.96
8:29:08 PM,68.4,20.67,19.508,20.96
8:29:08 PM,68.5,20.68,19.505,20.96
8:29:08 PM,68.6,20.69,19.503,20.98
8:29:08 PM,68.7,20.71,19.5,20.99
8:29:08 PM,68.8,20.67,19.498,20.96
8:29:08 PM,68.9,20.7,19.495,21
8:29:09 PM,69,20.7,19.493,20.98
8:29:09 PM,69.1,20.72,19.495,21.01
8:29:09 PM,69.2,20.69,19.498,20.96
8:29:09 PM,69.3,20.68,19.5,20.95
8:29:09 PM,69.4,20.72,19.501,21
8:29:09 PM,69.5,20.66,19.503,20.96
8:29:09 PM,69.6,20.66,19.504,20.95
8:29:09 PM,69.7,20.67,19.504,20.97
8:29:09 PM,69.8,20.73,19.504,21.03
8:29:09 PM,69.9,20.66,19.504,20.97
8:29:10 PM,70,20.65,19.505,20.96
8:29:10 PM,70.1,20.67,19.506,20.98
8:29:10 PM,70.2,20.66,19.507,20.97
8:29:10 PM,70.3,20.71,19.506,21.02
8:29:10 PM,70.4,20.68,19.505,20.99
8:29:10 PM,70.5,20.68,19.504,20.99
8:29:10 PM,70.6,20.68,19.504,20.99
8:29:10 PM,70.7,20.68,19.504,20.99
8:29:10 PM,70.8,20.68,19.504,20.99
8:29:10 PM,70.9,20.68,19.505,20.99
8:29:11 PM,71,20.68,19.506,20.99
8:29:11 PM,71.1,20.68,19.507,20.99
8:29:11 PM,71.2,20.68,19.505,20.99
8:29:11 PM,71.3,20.68,19.503,20.99
8:29:11 PM,71.4,20.68,19.5,20.99
8:29:11 PM,71.5,20.68,19.503,20.99
8:29:11 PM,71.6,20.73,19.505,21.04
8:29:12 PM,71.7,20.7,19.507,21.01
8:29:12 PM,71.8,20.66,19.506,20.97
8:29:12 PM,71.9,20.72,19.505,21.03
8:29:12 PM,72,20.67,19.504,20.99
8:29:12 PM,72.1,20.64,19.503,20.96
8:29:12 PM,72.2,20.63,19.501,20.96
8:29:12 PM,72.3,20.66,19.5,20.96
8:29:12 PM,72.4,20.63,19.5,20.94
8:29:12 PM,72.5,20.64,19.5,20.96
8:29:12 PM,72.6,20.64,19.5,20.96
8:29:12 PM,72.7,20.64,19.5,20.97
8:29:12 PM,72.8,20.66,19.5,20.98
8:29:12 PM,72.9,20.66,19.5,20.98
8:29:13 PM,73,20.61,19.499,20.93
8:29:13 PM,73.1,20.6,19.498,20.93
8:29:13 PM,73.2,20.63,19.496,20.95
8:29:13 PM,73.3,20.64,19.498,20.96
8:29:13 PM,73.4,20.61,19.499,20.93
8:29:13 PM,73.5,20.63,19.5,20.96
8:29:13 PM,73.6,20.61,19.499,20.93
8:29:13 PM,73.7,20.64,19.498,20.98
8:29:13 PM,73.8,20.63,19.496,20.96
8:29:13 PM,73.9,20.67,19.498,20.99
8:29:14 PM,74,20.62,19.499,20.97
8:29:14 PM,74.1,20.63,19.5,20.97
8:29:14 PM,74.2,20.61,19.498,20.95
8:29:14 PM,74.3,20.63,19.495,20.96
8:29:14 PM,74.4,20.6,19.493,20.93
8:29:14 PM,74.5,20.64,19.494,20.97
8:29:14 PM,74.6,20.62,19.495,20.96
8:29:14 PM,74.7,20.6,19.497,20.93
8:29:14 PM,74.8,20.63,19.495,20.95
8:29:14 PM,74.9,20.62,19.494,20.95
8:29:15 PM,75,20.62,19.493,20.96
8:29:15 PM,75.1,20.59,19.493,20.94
8:29:15 PM,75.2,20.58,19.493,20.94
8:29:15 PM,75.3,20.61,19.493,20.95
8:29:15 PM,75.4,20.61,19.494,20.95
8:29:15 PM,75.5,20.61,19.495,20.95
8:29:15 PM,75.6,20.61,19.496,20.95
8:29:15 PM,75.7,20.61,19.497,20.95
8:29:15 PM,75.8,20.61,19.497,20.95
8:29:15 PM,75.9,20.61,19.497,20.95
8:29:16 PM,76,20.61,19.495,20.95
8:29:16 PM,76.1,20.61,19.494,20.95
8:29:16 PM,76.2,20.61,19.493,20.95
8:29:16 PM,76.3,20.61,19.492,20.95
8:29:16 PM,76.4,20.61,19.49,20.95
8:29:16 PM,76.5,20.61,19.489,20.95
8:29:16 PM,76.6,20.61,19.492,20.95
8:29:16 PM,76.7,20.63,19.494,20.97
8:29:16 PM,76.8,20.61,19.497,20.96
8:29:16 PM,76.9,20.64,19.497,20.99
8:29:17 PM,77,20.66,19.497,20.99
8:29:17 PM,77.1,20.63,19.497,20.98
8:29:17 PM,77.2,20.62,19.494,20.96
8:29:17 PM,77.3,20.63,19.492,20.98
8:29:17 PM,77.4,20.65,19.489,20.98
8:29:17 PM,77.5,20.62,19.492,20.97
8:29:17 PM,77.6,20.65,19.494,21.01
8:29:17 PM,77.7,20.64,19.497,20.99
8:29:17 PM,77.8,20.63,19.495,20.98
8:29:17 PM,77.9,20.64,19.494,20.98
8:29:18 PM,78,20.63,19.493,20.99
8:29:18 PM,78.1,20.65,19.493,21.01
8:29:18 PM,78.2,20.64,19.493,21
8:29:18 PM,78.3,20.6,19.493,20.98
8:29:18 PM,78.4,20.63,19.493,21.01
8:29:18 PM,78.5,20.65,19.493,21.02
8:29:18 PM,78.6,20.63,19.493,20.99
8:29:18 PM,78.7,20.62,19.497,20.98
8:29:18 PM,78.8,20.62,19.5,20.99
8:29:18 PM,78.9,20.63,19.504,21.01
8:29:19 PM,79,20.64,19.502,21.02
8:29:19 PM,79.1,20.61,19.499,21
8:29:19 PM,79.2,20.64,19.497,21.02
8:29:19 PM,79.3,20.64,19.498,20.99
8:29:19 PM,79.4,20.64,19.499,21.02
8:29:19 PM,79.5,20.66,19.5,21.03
8:29:19 PM,79.6,20.64,19.504,21
8:29:19 PM,79.7,20.67,19.508,21.04
8:29:19 PM,79.8,20.6,19.511,20.97
8:29:19 PM,79.9,20.58,19.508,20.95
8:29:20 PM,80,20.62,19.504,20.99
8:29:20 PM,80.1,20.58,19.5,20.97
8:29:20 PM,80.2,20.59,19.499,20.97
8:29:20 PM,80.3,20.6,19.498,20.98
8:29:20 PM,80.4,20.65,19.497,21.02
8:29:20 PM,80.5,20.66,19.497,21.03
8:29:20 PM,80.6,20.66,19.497,21.03
8:29:20 PM,80.7,20.66,19.497,21.03
8:29:20 PM,80.8,20.66,19.497,21.03
8:29:20 PM,80.9,20.66,19.497,21.03
8:29:21 PM,81,20.66,19.497,21.03
8:29:21 PM,81.1,20.66,19.497,21.03
8:29:21 PM,81.2,20.66,19.497,21.03
8:29:21 PM,81.3,20.66,19.497,21.03
8:29:21 PM,81.4,20.66,19.495,21.03
8:29:21 PM,81.5,20.66,19.494,21.03
8:29:21 PM,81.6,20.66,19.493,21.03
8:29:21 PM,81.7,20.59,19.492,20.96
8:29:21 PM,81.8,20.62,19.49,20.99
8:29:21 PM,81.9,20.6,19.489,20.97
8:29:22 PM,82,20.6,19.488,20.98
8:29:22 PM,82.1,20.57,19.487,20.94
8:29:22 PM,82.2,20.63,19.486,21
8:29:22 PM,82.3,20.6,19.483,20.98
8:29:22 PM,82.4,20.59,19.481,20.96
8:29:22 PM,82.5,20.59,19.478,20.96
8:29:22 PM,82.6,20.58,19.479,20.96
8:29:22 PM,82.7,20.61,19.481,20.99
8:29:22 PM,82.8,20.6,19.482,20.99
8:29:22 PM,82.9,20.6,19.481,20.99
8:29:23 PM,83,20.64,19.479,21.02
8:29:23 PM,83.1,20.61,19.478,20.98
8:29:23 PM,83.2,20.58,19.481,20.95
8:29:23 PM,83.3,20.59,19.483,20.95
8:29:23 PM,83.4,20.6,19.486,20.96
8:29:23 PM,83.5,20.57,19.482,20.94
8:29:23 PM,83.6,20.57,19.478,20.94
8:29:23 PM,83.7,20.58,19.475,20.96
8:29:23 PM,83.8,20.6,19.476,20.96
8:29:23 PM,83.9,20.63,19.477,20.98
8:29:24 PM,84,20.58,19.478,20.94
8:29:24 PM,84.1,20.57,19.479,20.94
8:29:24 PM,84.2,20.6,19.481,20.96
8:29:24 PM,84.3,20.6,19.482,20.96
8:29:24 PM,84.4,20.62,19.483,20.99
8:29:24 PM,84.5,20.58,19.484,20.94
8:29:24 PM,84.6,20.58,19.486,20.95
8:29:24 PM,84.7,20.59,19.486,20.95
8:29:24 PM,84.8,20.59,19.486,20.96
8:29:24 PM,84.9,20.59,19.486,20.97
8:29:25 PM,85,20.61,19.483,20.98
8:29:25 PM,85.1,20.57,19.481,20.95
8:29:25 PM,85.2,20.59,19.478,20.98
8:29:25 PM,85.3,20.57,19.482,20.96
8:29:25 PM,85.4,20.64,19.486,21.02
8:29:25 PM,85.5,20.64,19.489,21.02
8:29:25 PM,85.6,20.64,19.488,21.02
8:29:25 PM,85.7,20.64,19.487,21.02
8:29:25 PM,85.8,20.64,19.486,21.02
8:29:25 PM,85.9,20.64,19.484,21.02
8:29:26 PM,86,20.64,19.483,21.02
8:29:26 PM,86.1,20.64,19.482,21.02
8:29:26 PM,86.2,20.64,19.482,21.02
8:29:26 PM,86.3,20.64,19.482,21.02
8:29:26 PM,86.4,20.64,19.482,21.02
8:29:26 PM,86.5,20.64,19.483,21.02
8:29:26 PM,86.6,20.55,19.484,20.94
8:29:26 PM,86.7,20.57,19.486,20.96
8:29:26 PM,86.8,20.55,19.486,20.95
8:29:26 PM,86.9,20.54,19.486,20.94
8:29:27 PM,87,20.56,19.486,20.96
8:29:27 PM,87.1,20.59,19.488,20.98
8:29:27 PM,87.2,20.58,19.49,20.96
8:29:27 PM,87.3,20.56,19.493,20.95
8:29:27 PM,87.4,20.61,19.493,21
8:29:27 PM,87.5,20.6,19.493,20.99
8:29:27 PM,87.6,20.6,19.493,20.99
8:29:27 PM,87.7,20.56,19.492,20.96
8:29:27 PM,87.8,20.57,19.491,20.97
8:29:27 PM,87.9,20.56,19.489,20.95
8:29:28 PM,88,20.54,19.493,20.95
8:29:28 PM,88.1,20.59,19.497,20.99
8:29:28 PM,88.2,20.58,19.5,20.98
8:29:28 PM,88.3,20.54,19.5,20.94
8:29:28 PM,88.4,20.56,19.5,20.97
8:29:28 PM,88.5,20.54,19.5,20.95
8:29:28 PM,88.6,20.53,19.498,20.93
8:29:28 PM,88.7,20.61,19.496,21.01
8:29:28 PM,88.8,20.59,19.493,20.99
8:29:28 PM,88.9,20.56,19.493,20.96
8:29:29 PM,89,20.56,19.493,20.96
8:29:29 PM,89.1,20.58,19.493,20.98
8:29:29 PM,89.2,20.56,19.492,20.96
8:29:29 PM,89.3,20.54,19.491,20.94
8:29:29 PM,89.4,20.55,19.489,20.96
8:29:29 PM,89.5,20.56,19.488,20.98
8:29:29 PM,89.6,20.57,19.487,20.98
8:29:29 PM,89.7,20.56,19.486,20.98
8:29:29 PM,89.8,20.55,19.487,20.97
8:29:29 PM,89.9,20.55,19.488,20.97
8:29:30 PM,90,20.52,19.489,20.92
8:29:30 PM,90.1,20.54,19.491,20.95
8:29:30 PM,90.2,20.51,19.492,20.92
8:29:30 PM,90.3,20.5,19.493,20.9
8:29:30 PM,90.4,20.54,19.493,20.96
8:29:30 PM,90.5,20.54,19.493,20.96
8:29:30 PM,90.6,20.54,19.493,20.96
8:29:30 PM,90.7,20.54,19.496,20.96
8:29:30 PM,90.8,20.54,19.498,20.96
8:29:30 PM,90.9,20.54,19.501,20.96
8:29:31 PM,91,20.54,19.498,20.96
8:29:31 PM,91.1,20.54,19.496,20.96
8:29:31 PM,91.2,20.54,19.493,20.96
8:29:31 PM,91.3,20.54,19.494,20.96
8:29:31 PM,91.4,20.54,19.496,20.96
8:29:31 PM,91.5,20.54,19.497,20.96
8:29:31 PM,91.6,20.54,19.497,20.96
8:29:31 PM,91.7,20.57,19.497,20.96
8:29:31 PM,91.8,20.55,19.497,20.93
8:29:31 PM,91.9,20.53,19.498,20.93
8:29:32 PM,92,20.54,19.499,20.93
8:29:32 PM,92.1,20.56,19.501,20.96
8:29:32 PM,92.2,20.54,19.499,20.92
8:29:32 PM,92.3,20.55,19.498,20.93
8:29:32 PM,92.4,20.53,19.497,20.92
8:29:32 PM,92.5,20.5,19.494,20.9
8:29:32 PM,92.6,20.52,19.492,20.92
8:29:32 PM,92.7,20.54,19.49,20.94
8:29:32 PM,92.8,20.59,19.492,20.98
8:29:32 PM,92.9,20.58,19.495,20.96
8:29:33 PM,93,20.54,19.497,20.93
8:29:33 PM,93.1,20.52,19.493,20.91
8:29:33 PM,93.2,20.52,19.49,20.91
8:29:33 PM,93.3,20.55,19.486,20.95
8:29:33 PM,93.4,20.53,19.487,20.92
8:29:33 PM,93.5,20.53,19.488,20.92
8:29:33 PM,93.6,20.54,19.49,20.93
8:29:33 PM,93.7,20.54,19.49,20.94
8:29:33 PM,93.8,20.56,19.49,20.95
8:29:33 PM,93.9,20.53,19.49,20.93
8:29:34 PM,94,20.55,19.49,20.95
8:29:34 PM,94.1,20.59,19.49,20.98
8:29:34 PM,94.2,20.55,19.49,20.94
8:29:34 PM,94.3,20.56,19.49,20.97
8:29:34 PM,94.4,20.55,19.49,20.95
8:29:34 PM,94.5,20.55,19.49,20.96
8:29:34 PM,94.6,20.58,19.491,21
8:29:34 PM,94.7,20.59,19.492,20.99
8:29:34 PM,94.8,20.57,19.493,20.97
8:29:34 PM,94.9,20.53,19.492,20.92
8:29:35 PM,95,20.6,19.491,20.99
8:29:35 PM,95.1,20.6,19.49,20.99
8:29:35 PM,95.2,20.6,19.488,21.01
8:29:35 PM,95.3,20.59,19.487,21
8:29:35 PM,95.4,20.58,19.486,20.98
8:29:35 PM,95.5,20.58,19.486,20.98
8:29:35 PM,95.6,20.58,19.486,20.98
8:29:35 PM,95.7,20.58,19.486,20.98
8:29:35 PM,95.8,20.58,19.487,20.98
8:29:35 PM,95.9,20.58,19.488,20.98
8:29:36 PM,96,20.58,19.49,20.98
8:29:36 PM,96.1,20.58,19.49,20.98
8:29:36 PM,96.2,20.58,19.49,20.98
8:29:36 PM,96.3,20.58,19.49,20.98
8:29:36 PM,96.4,20.58,19.488,20.98
8:29:36 PM,96.5,20.58,19.487,20.98
8:29:36 PM,96.6,20.58,19.486,20.98
8:29:36 PM,96.7,20.52,19.488,20.95
8:29:36 PM,96.8,20.56,19.491,20.98
8:29:36 PM,96.9,20.52,19.493,20.95
8:29:37 PM,97,20.52,19.492,20.96
8:29:37 PM,97.1,20.52,19.491,20.95
8:29:37 PM,97.2,20.54,19.49,20.97
8:29:37 PM,97.3,20.55,19.492,20.98
8:29:37 PM,97.4,20.55,19.495,20.98
8:29:37 PM,97.5,20.57,19.497,21
8:29:37 PM,97.6,20.51,19.498,20.94
8:29:37 PM,97.7,20.55,19.499,20.99
8:29:37 PM,97.8,20.59,19.501,21.03
8:29:37 PM,97.9,20.56,19.502,20.98
8:29:38 PM,98,20.52,19.503,20.94
8:29:38 PM,98.1,20.51,19.504,20.94
8:29:38 PM,98.2,20.56,19.503,20.99
8:29:38 PM,98.3,20.52,19.502,20.95
8:29:38 PM,98.4,20.6,19.501,21.03
8:29:38 PM,98.5,20.57,19.497,21
8:29:38 PM,98.6,20.57,19.493,21
8:29:38 PM,98.7,20.57,19.49,21
8:29:38 PM,98.8,20.53,19.488,20.97
8:29:38 PM,98.9,20.53,19.487,20.98
8:29:39 PM,99,20.56,19.486,21.02
8:29:39 PM,99.1,20.56,19.486,21
8:29:39 PM,99.2,20.53,19.486,20.97
8:29:39 PM,99.3,20.53,19.486,20.99
8:29:39 PM,99.4,20.51,19.484,20.95
8:29:39 PM,99.5,20.53,19.481,20.97
8:29:39 PM,99.6,20.53,19.479,20.97
8:29:39 PM,99.7,20.56,19.481,20.99
8:29:39 PM,99.8,20.53,19.484,20.96
8:29:39 PM,99.9,20.52,19.486,20.96
8:29:40 PM,100,20.51,19.482,20.95
8:29:40 PM,100.1,20.51,19.479,20.95
8:29:40 PM,100.2,20.51,19.475,20.97
8:29:40 PM,100.3,20.57,19.476,21.01
8:29:40 PM,100.4,20.49,19.478,20.93
8:29:40 PM,100.5,20.52,19.479,20.95
8:29:40 PM,100.6,20.49,19.481,20.93
8:29:40 PM,100.7,20.53,19.484,20.95
8:29:40 PM,100.8,20.53,19.486,20.95
8:29:40 PM,100.9,20.53,19.487,20.95
8:29:41 PM,101,20.53,19.488,20.95
8:29:41 PM,101.1,20.53,19.49,20.95
8:29:41 PM,101.2,20.53,19.488,20.95
8:29:41 PM,101.3,20.53,19.487,20.95
8:29:41 PM,101.4,20.53,19.486,20.95
8:29:41 PM,101.5,20.53,19.487,20.95
8:29:41 PM,101.6,20.53,19.488,20.95
8:29:41 PM,101.7,20.53,19.49,20.95
8:29:41 PM,101.8,20.53,19.488,20.95
8:29:41 PM,101.9,20.56,19.487,20.98
8:29:42 PM,102,20.58,19.486,20.99
8:29:42 PM,102.1,20.62,19.485,21.03
8:29:42 PM,102.2,20.55,19.484,20.97
8:29:42 PM,102.3,20.54,19.482,20.95
8:29:42 PM,102.4,20.53,19.485,20.94
8:29:42 PM,102.5,20.52,19.487,20.94
8:29:42 PM,102.6,20.54,19.49,20.96
8:29:42 PM,102.7,20.54,19.49,20.96
8:29:42 PM,102.8,20.56,19.49,20.99
8:29:42 PM,102.9,20.54,19.49,20.96
8:29:43 PM,103,20.55,19.489,20.98
8:29:43 PM,103.1,20.52,19.487,20.95
8:29:43 PM,103.2,20.53,19.486,20.95
8:29:43 PM,103.3,20.58,19.487,21
8:29:43 PM,103.4,20.53,19.489,20.96
8:29:43 PM,103.5,20.53,19.49,20.95
8:29:43 PM,103.6,20.55,19.491,20.97
8:29:43 PM,103.7,20.53,19.492,20.94
8:29:43 PM,103.8,20.56,19.493,20.98
8:29:43 PM,103.9,20.53,19.491,20.95
8:29:44 PM,104,20.55,19.489,20.98
8:29:44 PM,104.1,20.57,19.486,20.98
8:29:44 PM,104.2,20.56,19.485,20.98
8:29:44 PM,104.3,20.55,19.484,20.97
8:29:44 PM,104.4,20.54,19.483,20.97
8:29:44 PM,104.5,20.51,19.483,20.93
8:29:44 PM,104.6,20.51,19.483,20.95
8:29:44 PM,104.7,20.54,19.483,20.95
8:29:44 PM,104.8,20.52,19.483,20.94
8:29:44 PM,104.9,20.49,19.483,20.91
8:29:45 PM,105,20.51,19.483,20.94
8:29:45 PM,105.1,20.55,19.485,20.97
8:29:45 PM,105.2,20.48,19.487,20.91
8:29:45 PM,105.3,20.49,19.49,20.92
8:29:45 PM,105.4,20.46,19.487,20.89
8:29:45 PM,105.5,20.46,19.485,20.89
8:29:45 PM,105.6,20.46,19.483,20.89
8:29:45 PM,105.7,20.46,19.481,20.89
8:29:45 PM,105.8,20.46,19.48,20.89
8:29:45 PM,105.9,20.46,19.479,20.89
8:29:46 PM,106,20.46,19.483,20.89
8:29:46 PM,106.1,20.46,19.486,20.89
8:29:46 PM,106.2,20.46,19.49,20.89
8:29:46 PM,106.3,20.46,19.486,20.89
8:29:46 PM,106.4,20.46,19.483,20.89
8:29:46 PM,106.5,20.46,19.479,20.89
8:29:46 PM,106.6,20.46,19.48,20.89
8:29:46 PM,106.7,20.51,19.481,20.95
8:29:46 PM,106.8,20.51,19.483,20.96
8:29:46 PM,106.9,20.52,19.486,20.95
8:29:47 PM,107,20.54,19.49,20.96
8:29:47 PM,107.1,20.53,19.494,20.95
8:29:47 PM,107.2,20.54,19.49,20.96
8:29:47 PM,107.3,20.55,19.486,20.96
8:29:47 PM,107.4,20.51,19.483,20.94
8:29:47 PM,107.5,20.51,19.483,20.95
8:29:47 PM,107.6,20.48,19.482,20.94
8:29:47 PM,107.7,20.49,19.482,20.93
8:29:47 PM,107.8,20.46,19.482,20.9
8:29:47 PM,107.9,20.48,19.483,20.91
8:29:48 PM,108,20.51,19.483,20.93
8:29:48 PM,108.1,20.49,19.486,20.94
8:29:48 PM,108.2,20.55,19.49,20.98
8:29:48 PM,108.3,20.55,19.494,20.98
8:29:48 PM,108.4,20.52,19.489,20.96
8:29:48 PM,108.5,20.53,19.484,20.97
8:29:48 PM,108.6,20.52,19.479,20.96
8:29:48 PM,108.7,20.5,19.48,20.94
8:29:48 PM,108.8,20.57,19.481,21
8:29:48 PM,108.9,20.54,19.483,20.96
8:29:49 PM,109,20.57,19.485,21
8:29:49 PM,109.1,20.5,19.487,20.97
8:29:49 PM,109.2,20.52,19.49,20.96
8:29:49 PM,109.3,20.53,19.487,20.96
8:29:49 PM,109.4,20.5,19.485,20.93
8:29:49 PM,109.5,20.51,19.483,20.94
8:29:49 PM,109.6,20.51,19.48,20.94
8:29:49 PM,109.7,20.51,19.478,20.95
8:29:49 PM,109.8,20.52,19.475,20.97
8:29:49 PM,109.9,20.56,19.478,20.98
8:29:50 PM,110,20.54,19.48,20.95
8:29:50 PM,110.1,20.58,19.483,21.01
8:29:50 PM,110.2,20.54,19.483,20.98
8:29:50 PM,110.3,20.52,19.483,20.95
8:29:50 PM,110.4,20.5,19.483,20.94
8:29:50 PM,110.5,20.54,19.483,20.99
8:29:50 PM,110.6,20.54,19.483,20.99
8:29:50 PM,110.7,20.54,19.483,20.99
8:29:50 PM,110.8,20.54,19.479,20.99
8:29:50 PM,110.9,20.54,19.475,20.99
8:29:51 PM,111,20.54,19.472,20.99
8:29:51 PM,111.1,20.54,19.474,20.99
8:29:51 PM,111.2,20.54,19.477,20.99
8:29:51 PM,111.3,20.54,19.479,20.99
8:29:51 PM,111.4,20.54,19.475,20.99
8:29:51 PM,111.5,20.54,19.472,20.99
8:29:51 PM,111.6,20.54,19.468,20.99
8:29:51 PM,111.7,20.54,19.472,20.99
8:29:51 PM,111.8,20.5,19.475,20.95
8:29:51 PM,111.9,20.47,19.479,20.93
8:29:52 PM,112,20.49,19.479,20.95
8:29:52 PM,112.1,20.49,19.479,20.94
8:29:52 PM,112.2,20.48,19.479,20.93
8:29:52 PM,112.3,20.53,19.481,20.98
8:29:52 PM,112.4,20.52,19.484,20.98
8:29:52 PM,112.5,20.48,19.486,20.93
8:29:52 PM,112.6,20.53,19.486,20.97
8:29:52 PM,112.7,20.5,19.486,20.96
8:29:52 PM,112.8,20.51,19.486,20.97
8:29:52 PM,112.9,20.54,19.486,21
8:29:53 PM,113,20.54,19.486,21
8:29:53 PM,113.1,20.53,19.486,20.98
8:29:53 PM,113.2,20.48,19.484,20.93
8:29:53 PM,113.3,20.47,19.481,20.92
8:29:53 PM,113.4,20.44,19.479,20.88
8:29:53 PM,113.5,20.41,19.481,20.86
8:29:53 PM,113.6,20.39,19.484,20.85
8:29:53 PM,113.7,20.42,19.486,20.87
8:29:53 PM,113.8,20.42,19.486,20.87
8:29:53 PM,113.9,20.48,19.486,20.92
8:29:54 PM,114,20.47,19.487,20.93
8:29:54 PM,114.1,20.45,19.488,20.9
8:29:54 PM,114.2,20.46,19.489,20.9
8:29:54 PM,114.3,20.45,19.49,20.9
8:29:54 PM,114.4,20.43,19.49,20.89
8:29:54 PM,114.5,20.41,19.49,20.87
8:29:54 PM,114.6,20.4,19.49,20.88
8:29:54 PM,114.7,20.41,19.488,20.87
8:29:54 PM,114.8,20.42,19.485,20.89
8:29:54 PM,114.9,20.46,19.483,20.91
8:29:55 PM,115,20.44,19.485,20.9
8:29:55 PM,115.1,20.41,19.488,20.88
8:29:55 PM,115.2,20.4,19.49,20.87
8:29:55 PM,115.3,20.46,19.488,20.92
8:29:55 PM,115.4,20.41,19.485,20.87
8:29:55 PM,115.5,20.41,19.483,20.88
8:29:55 PM,115.6,20.41,19.48,20.88
8:29:55 PM,115.7,20.41,19.478,20.88
8:29:55 PM,115.8,20.41,19.476,20.88
8:29:55 PM,115.9,20.41,19.478,20.88
8:29:56 PM,116,20.41,19.48,20.88
8:29:56 PM,116.1,20.41,19.483,20.88
8:29:56 PM,116.2,20.41,19.484,20.88
8:29:56 PM,116.3,20.41,19.485,20.88
8:29:56 PM,116.4,20.41,19.487,20.88
8:29:56 PM,116.5,20.41,19.482,20.88
8:29:56 PM,116.6,20.41,19.477,20.88
8:29:56 PM,116.7,20.41,19.472,20.88
8:29:56 PM,116.8,20.41,19.473,20.88
8:29:56 PM,116.9,20.55,19.474,20.98
8:29:57 PM,117,20.5,19.476,20.95
8:29:57 PM,117.1,20.5,19.474,20.96
8:29:57 PM,117.2,20.55,19.473,21
8:29:57 PM,117.3,20.52,19.472,20.97
8:29:57 PM,117.4,20.53,19.473,20.98
8:29:57 PM,117.5,20.54,19.474,21
8:29:57 PM,117.6,20.54,19.476,20.99
8:29:57 PM,117.7,20.52,19.477,20.98
8:29:57 PM,117.8,20.5,19.478,20.95
8:29:57 PM,117.9,20.52,19.479,20.97
8:29:58 PM,118,20.53,19.479,20.99
8:29:58 PM,118.1,20.55,19.479,21.01
8:29:58 PM,118.2,20.53,19.479,21
8:29:58 PM,118.3,20.49,19.481,20.97
8:29:58 PM,118.4,20.47,19.482,20.95
8:29:58 PM,118.5,20.49,19.483,20.96
8:29:58 PM,118.6,20.5,19.484,20.97
8:29:58 PM,118.7,20.5,19.485,20.98
8:29:58 PM,118.8,20.52,19.487,20.98
8:29:58 PM,118.9,20.53,19.485,21
8:29:59 PM,119,20.51,19.484,20.97
8:29:59 PM,119.1,20.53,19.483,20.99
8:29:59 PM,119.2,20.52,19.484,20.99
8:29:59 PM,119.3,20.5,19.485,20.97
8:29:59 PM,119.4,20.51,19.487,20.98
8:29:59 PM,119.5,20.51,19.485,20.97
8:29:59 PM,119.6,20.55,19.484,21.01
8:29:59 PM,119.7,20.51,19.483,20.99
8:29:59 PM,119.8,20.5,19.483,20.97
8:29:59 PM,119.9,20.54,19.483,21.01
8:30:00 PM,120,20.53,19.483,20.99
8:30:00 PM,120.1,20.53,19.485,20.99
8:30:00 PM,120.2,20.56,19.488,21
8:30:00 PM,120.3,20.59,19.49,21.02
8:30:00 PM,120.4,20.65,19.487,21.05
8:30:00 PM,120.5,20.65,19.483,21.04
8:30:00 PM,120.6,20.68,19.479,21.05
8:30:00 PM,120.7,20.68,19.483,21.03
8:30:00 PM,120.8,20.68,19.487,21.03
8:30:00 PM,120.9,20.68,19.49,21.03
,,,,
,,,,
,,,,
,,,,
,,,,
,,,,
,,,,
,,,,
,,,,
,,,,
,,,,
,,,,
,,,,
,,,,
,,,,
,,,,
,,,,
,,,,
,,,,
,,,,
,,,,
,,,,
,,,,
,,,,
,,,,
,,,,
,,,,
,,,,
,,,,
,,,,
,,,,
,,,,
,,,,
,,,,
,,,,
,,,,
,,,,
,,,,
,,,,
,,,,
,,,,
,,,,
,,,,
,,,,
,,,,
,,,,
,,,,
,,,,
,,,,
,,,,
,,,,
,,,,
,,,,
,,,,
,,,,
,,,,
,,,,
,,,,
,,,,
,,,,
,,,,
,,,,
,,,,
,,,,
,,,,
,,,,
,,,,
,,,,
,,,,
,,,,
,,,,
,,,,
,,,,
,,,,
,,,,
,,,,
,,,,
,,,,
,,,,
,,,,
,,,,
,,,,
,,,,
,,,,
,,,,
,,,,
,,,,
,,,,
,,,,
,,,,
,,,,
,,,,
,,,,
,,,,
,,,,
,,,,
,,,,
,,,,
,,,,
,,,,
,,,,
,,,,
,,,,
,,,,
,,,,
,,,,
,,,,
,,,,
,,,,
,,,,
,,,,
,,,,
,,,,
,,,,
,,,,
,,,,
,,,,
,,,,
,,,,
,,,,
,,,,
,,,,
,,,,
,,,,
,,,,
,,,,
,,,,
,,,,
,,,,
,,,,
,,,,
,,,,
,,,,
,,,,
,,,,
,,,,
,,,,
,,,,
,,,,
,,,,
,,,,
,,,,
,,,,
,,,,
,,,,
,,,,
,,,,
,,,,
,,,,
,,,,
,,,,
,,,,
,,,,
,,,,
,,,,
,,,,
,,,,
,,,,
,,,,
,,,,
,,,,
,,,,
,,,,
,,,,
,,,,
,,,,
,,,,
,,,,
,,,,
,,,,
,,,,
,,,,
,,,,
,,,,
,,,,
,,,,
,,,,
,,,,
,,,,
,,,,
,,,,
,,,,
,,,,
,,,,
,,,,
,,,,
,,,,
,,,,
,,,,
,,,,
,,,,
,,,,
,,,,
,,,,
,,,,
,,,,
,,,,
,,,,
,,,,
,,,,
,,,,
,,,,
,,,,
,,,,
,,,,
,,,,
,,,,
,,,,
,,,,
,,,,
,,,,
,,,,
,,,,
,,,,
,,,,
,,,,
,,,,
,,,,
,,,,
,,,,
,,,,
,,,,
,,,,
,,,,
,,,,
,,,,
,,,,
,,,,
,,,,
,,,,
,,,,
,,,,
,,,,
,,,,
,,,,
,,,,
,,,,
,,,,
,,,,
,,,,
,,,,
,,,,
,,,,
,,,,
,,,,
,,,,
,,,,
,,,,
,,,,
,,,,
,,,,
,,,,
,,,,
,,,,
,,,,
,,,,
,,,,
,,,,
,,,,
,,,,
,,,,
,,,,
,,,,
,,,,
,,,,
,,,,
,,,,
,,,,
,,,,
,,,,
,,,,
,,,,
,,,,
,,,,
,,,,
,,,,
,,,,
,,,,
,,,,
,,,,
,,,,
,,,,
,,,,
,,,,
,,,,
,,,,
,,,,
,,,,
,,,,
,,,,
,,,,
,,,,
,,,,
,,,,
,,,,
,,,,
,,,,
,,,,
,,,,
,,,,
,,,,
,,,,
,,,,
,,,,
,,,,
,,,,
,,,,
,,,,
,,,,
,,,,
,,,,
,,,,
,,,,
,,,,
,,,,
,,,,
,,,,
,,,,
,,,,
,,,,
,,,,
,,,,
,,,,
,,,,
,,,,
,,,,
,,,,
,,,,
,,,,
,,,,
,,,,
,,,,
,,,,
,,,,
,,,,
,,,,
,,,,
,,,,
,,,,
,,,,
,,,,
,,,,
,,,,
,,,,
,,,,
,,,,
,,,,
,,,,
,,,,
,,,,
,,,,
,,,,
,,,,
,,,,
,,,,
,,,,
,,,,
,,,,
,,,,
,,,,
,,,,
,,,,
,,,,
,,,,
,,,,
,,,,
,,,,
,,,,
,,,,
,,,,
,,,,
,,,,
,,,,
,,,,
,,,,
,,,,
,,,,
,,,,
,,,,
,,,,
,,,,
,,,,
,,,,
,,,,
,,,,
,,,,
,,,,
,,,,
,,,,
,,,,
,,,,
,,,,
,,,,
,,,,
,,,,
,,,,
,,,,
,,,,
,,,,
,,,,
,,,,
,,,,
,,,,
,,,,
,,,,
,,,,
,,,,
,,,,
,,,,
,,,,
,,,,
,,,,
,,,,
,,,,
,,,,
,,,,
,,,,
,,,,
,,,,
,,,,
,,,,
,,,,
,,,,
,,,,
,,,,
,,,,
,,,,
,,,,
,,,,
,,,,
,,,,
,,,,
,,,,
,,,,
,,,,
,,,,
,,,,
,,,,
,,,,
,,,,
,,,,
,,,,
,,,,
,,,,
,,,,
,,,,
,,,,
,,,,
,,,,
,,,,
,,,,
,,,,
,,,,
,,,,
,,,,
,,,,
,,,,
,,,,
,,,,
,,,,
,,,,
,,,,
,,,,
,,,,
,,,,
,,,,
,,,,
,,,,
,,,,
,,,,
,,,,
,,,,
,,,,
,,,,
,,,,
,,,,
,,,,
,,,,
,,,,
,,,,
,,,,
,,,,
,,,,
,,,,
,,,,
,,,,
,,,,
,,,,
,,,,
,,,,
,,,,
,,,,
,,,,
,,,,
,,,,
,,,,
,,,,
,,,,
,,,,
,,,,
,,,,
,,,,
,,,,
,,,,
,,,,
,,,,
,,,,
,,,,
,,,,
,,,,
,,,,
,,,,
,,,,
,,,,
,,,,
,,,,
,,,,
,,,,
,,,,
,,,,
,,,,
,,,,
,,,,
,,,,
,,,,
,,,,
,,,,
,,,,
,,,,
,,,,
,,,,
,,,,
,,,,
,,,,
,,,,
,,,,
,,,,
,,,,
,,,,
,,,,
,,,,
,,,,
,,,,
,,,,
,,,,
,,,,
,,,,
,,,,
,,,,
,,,,
,,,,
,,,,
,,,,
,,,,
,,,,
,,,,
,,,,
,,,,
,,,,
,,,,
,,,,
,,,,
,,,,
,,,,
,,,,
,,,,
,,,,
,,,,
,,,,
,,,,
,,,,
,,,,
,,,,
,,,,
,,,,
,,,,
,,,,
,,,,
,,,,
,,,,
,,,,
,,,,
,,,,
,,,,
,,,,
,,,,
,,,,
,,,,
,,,,
,,,,
,,,,
,,,,
,,,,
,,,,
,,,,
,,,,
,,,,
,,,,
,,,,
,,,,
,,,,
,,,,
,,,,
,,,,
,,,,
,,,,
,,,,
,,,,
,,,,
,,,,
,,,,
,,,,
,,,,
,,,,
,,,,
,,,,
,,,,
,,,,
,,,,
,,,,
,,,,
,,,,
,,,,
,,,,
,,,,
,,,,
,,,,
,,,,
,,,,
,,,,
,,,,
,,,,
,,,,
,,,,
,,,,
,,,,
,,,,
,,,,
,,,,
,,,,
,,,,
,,,,
,,,,
,,,,
,,,,
,,,,
,,,,
,,,,
,,,,
,,,,
,,,,
,,,,
,,,,
,,,,
,,,,
,,,,
,,,,
,,,,
,,,,
,,,,
,,,,
,,,,
,,,,
,,,,
,,,,
,,,,
,,,,
,,,,
,,,,
,,,,
,,,,
,,,,
,,,,
,,,,
,,,,
,,,,
,,,,
,,,,
,,,,
,,,,
,,,,
,,,,
,,,,
,,,,
,,,,
,,,,
,,,,
,,,,
,,,,
,,,,
,,,,
,,,,
,,,,
,,,,
,,,,
,,,,
,,,,
,,,,
,,,,
,,,,
,,,,
,,,,
,,,,
,,,,
,,,,
,,,,
,,,,
,,,,
,,,,
,,,,
,,,,
,,,,
,,,,
,,,,
,,,,
,,,,
,,,,
,,,,
,,,,
,,,,
,,,,
,,,,
,,,,
,,,,
,,,,
,,,,
,,,,
,,,,
,,,,
,,,,
,,,,
,,,,
,,,,
,,,,
,,,,
,,,,
,,,,
,,,,
,,,,
,,,,
,,,,
,,,,
,,,,
,,,,
,,,,
,,,,
,,,,
,,,,
,,,,
,,,,
,,,,
,,,,
,,,,
,,,,
,,,,
,,,,
,,,,
,,,,
,,,,
,,,,
,,,,
,,,,
,,,,
,,,,
,,,,
,,,,
,,,,
,,,,
,,,,
,,,,
,,,,
,,,,
,,,,
,,,,
,,,,
,,,,
,,,,
,,,,
,,,,
,,,,
,,,,
,,,,
,,,,
,,,,
,,,,
,,,,
,,,,
,,,,
,,,,
,,,,
,,,,
,,,,
,,,,
,,,,
,,,,
,,,,
,,,,
,,,,
,,,,
,,,,
,,,,
,,,,
,,,,
,,,,
,,,,
,,,,
,,,,
,,,,
,,,,
,,,,
,,,,
,,,,
,,,,
,,,,
,,,,
,,,,
,,,,
,,,,
,,,,
,,,,
,,,,
,,,,
,,,,
,,,,
,,,,
,,,,
,,,,
,,,,
,,,,
,,,,
,,,,
,,,,
,,,,
,,,,
,,,,
,,,,
,,,,
,,,,
,,,,
,,,,
,,,,
,,,,
,,,,
,,,,
,,,,
,,,,
,,,,
,,,,
,,,,
,,,,
,,,,
,,,,
,,,,
,,,,
,,,,
,,,,
,,,,
,,,,
,,,,
,,,,
,,,,
,,,,
,,,,
,,,,
,,,,
,,,,
,,,,
,,,,
,,,,
,,,,
,,,,
,,,,
,,,,
,,,,
,,,,
,,,,
,,,,
,,,,
,,,,
,,,,
,,,,
,,,,
,,,,
,,,,
,,,,
,,,,
,,,,
,,,,
,,,,
,,,,
,,,,
,,,,
,,,,
,,,,
,,,,
,,,,
,,,,
,,,,
,,,,
,,,,
,,,,
,,,,
,,,,
,,,,
,,,,
,,,,
,,,,
,,,,
,,,,
,,,,
,,,,
,,,,
,,,,
,,,,
,,,,
,,,,
,,,,
,,,,
,,,,
,,,,
,,,,
,,,,
,,,,
,,,,
,,,,
,,,,
,,,,
,,,,
,,,,
,,,,
,,,,
,,,,
,,,,
,,,,
,,,,
,,,,
,,,,
,,,,
,,,,
,,,,
,,,,
,,,,
,,,,
,,,,
,,,,
,,,,
,,,,
,,,,
,,,,
,,,,
,,,,
,,,,
,,,,
,,,,
,,,,
,,,,
,,,,
,,,,
,,,,
,,,,
,,,,
,,,,
,,,,
,,,,
,,,,
,,,,
,,,,
,,,,
,,,,
,,,,
,,,,
,,,,
,,,,
,,,,
,,,,
,,,,
,,,,
,,,,
,,,,
,,,,
,,,,
,,,,
,,,,
,,,,
,,,,
,,,,
,,,,
,,,,
,,,,
,,,,
,,,,
,,,,
,,,,
,,,,
,,,,
,,,,
,,,,
,,,,
,,,,
,,,,
,,,,
,,,,
,,,,
,,,,
,,,,
,,,,
,,,,
,,,,
,,,,
,,,,
,,,,
,,,,
,,,,
,,,,
,,,,
,,,,
,,,,
,,,,
,,,,
,,,,
,,,,
,,,,
,,,,
,,,,
,,,,
,,,,
,,,,
,,,,
,,,,
,,,,
,,,,
,,,,
,,,,
,,,,
,,,,
,,,,
,,,,
,,,,
,,,,
,,,,
,,,,
,,,,
,,,,
,,,,
,,,,
,,,,
,,,,
,,,,
,,,,
,,,,
,,,,
,,,,
,,,,
,,,,
,,,,
,,,,
,,,,
,,,,
,,,,
,,,,
,,,,
,,,,
,,,,
,,,,
,,,,
,,,,
,,,,
,,,,
,,,,
,,,,
,,,,
,,,,
,,,,
,,,,
,,,,
,,,,
,,,,
,,,,
,,,,
,,,,
,,,,
,,,,
,,,,
,,,,
,,,,
,,,,
,,,,
,,,,
,,,,
,,,,
,,,,
,,,,
,,,,
,,,,
,,,,
,,,,
,,,,
,,,,
,,,,
,,,,
,,,,
,,,,
,,,,
,,,,
,,,,
,,,,
,,,,
,,,,
,,,,
,,,,
,,,,
,,,,
,,,,
,,,,
,,,,
,,,,
,,,,
,,,,
,,,,
,,,,
,,,,
,,,,
,,,,
,,,,
,,,,
,,,,
,,,,
,,,,
,,,,
,,,,
,,,,
,,,,
,,,,
,,,,
,,,,
,,,,
,,,,
,,,,
,,,,
,,,,
,,,,
,,,,
,,,,
,,,,
,,,,
,,,,
,,,,
,,,,
,,,,
,,,,
,,,,
,,,,
,,,,
,,,,
,,,,
,,,,
,,,,
,,,,
,,,,
,,,,
,,,,
,,,,
,,,,
,,,,
,,,,
,,,,
,,,,
,,,,
,,,,
,,,,
,,,,
,,,,
,,,,
,,,,
,,,,
,,,,
,,,,
,,,,
,,,,
,,,,
,,,,
,,,,
,,,,
,,,,
,,,,
,,,,
,,,,
,,,,
,,,,
,,,,
,,,,
,,,,
,,,,
,,,,
,,,,
,,,,
,,,,
,,,,
,,,,
,,,,
,,,,
,,,,
,,,,
,,,,
,,,,
,,,,
,,,,
,,,,
,,,,
,,,,
,,,,
,,,,
,,,,
,,,,
,,,,
,,,,
,,,,
,,,,
,,,,
,,,,
,,,,
,,,,
,,,,
,,,,
,,,,
,,,,
,,,,
,,,,
,,,,
,,,,
,,,,
,,,,
,,,,
,,,,
,,,,
,,,,
,,,,
,,,,
,,,,
,,,,
,,,,
,,,,
,,,,
,,,,
,,,,
,,,,
,,,,
,,,,
,,,,
,,,,
,,,,
,,,,
,,,,
,,,,
,,,,
,,,,
,,,,
,,,,
,,,,
,,,,
,,,,
,,,,
,,,,
,,,,
,,,,
,,,,
,,,,
,,,,
,,,,
,,,,
,,,,
,,,,
,,,,
,,,,
,,,,
,,,,
,,,,
,,,,
,,,,
,,,,
,,,,
,,,,
,,,,
,,,,
,,,,
,,,,
,,,,
,,,,
,,,,
,,,,
,,,,
,,,,
,,,,
,,,,
,,,,
,,,,
,,,,
,,,,
,,,,
,,,,
,,,,
,,,,
,,,,
,,,,
,,,,
,,,,
,,,,
,,,,
,,,,
,,,,
,,,,
,,,,
,,,,
,,,,
,,,,
,,,,
,,,,
,,,,
,,,,
,,,,
,,,,
,,,,
,,,,
,,,,
,,,,
,,,,
,,,,
,,,,
,,,,
,,,,
,,,,
,,,,
,,,,
,,,,
,,,,
,,,,
,,,,
,,,,
,,,,
,,,,
,,,,
,,,,
,,,,
,,,,
,,,,
,,,,
,,,,
,,,,
,,,,
,,,,
,,,,
,,,,
,,,,
,,,,
,,,,
,,,,
,,,,
,,,,
,,,,
,,,,
,,,,
,,,,
,,,,
,,,,
,,,,
,,,,
,,,,
,,,,
,,,,
,,,,
,,,,
,,,,
,,,,
,,,,
,,,,
,,,,
,,,,
,,,,
,,,,
,,,,
,,,,
,,,,
,,,,
,,,,
,,,,
,,,,
,,,,
,,,,
,,,,
,,,,
,,,,
,,,,
,,,,
,,,,
,,,,
,,,,
,,,,
,,,,
,,,,
,,,,
,,,,
,,,,
,,,,
,,,,
,,,,
,,,,
,,,,
,,,,
,,,,
,,,,
,,,,
,,,,
,,,,
,,,,
,,,,
,,,,
,,,,
,,,,
,,,,
,,,,
,,,,
,,,,
,,,,
,,,,
,,,,
,,,,
,,,,
,,,,
,,,,
,,,,
,,,,
,,,,
,,,,
,,,,
,,,,
,,,,
,,,,
,,,,
,,,,
,,,,
,,,,
,,,,
,,,,
,,,,
,,,,
,,,,
,,,,
,,,,
,,,,
,,,,
,,,,
,,,,
,,,,
,,,,
,,,,
,,,,
,,,,
,,,,
,,,,
,,,,
,,,,
,,,,
,,,,
,,,,
,,,,
,,,,
,,,,
,,,,
,,,,
,,,,
,,,,
,,,,
,,,,
,,,,
,,,,
,,,,
,,,,
,,,,
,,,,
,,,,
,,,,
,,,,
,,,,
,,,,
,,,,
,,,,
,,,,
,,,,
,,,,
,,,,
,,,,
,,,,
,,,,
,,,,
,,,,
,,,,
,,,,
,,,,
,,,,
,,,,
,,,,
,,,,
,,,,
,,,,
,,,,
,,,,
,,,,
,,,,
,,,,
,,,,
,,,,
,,,,
,,,,
,,,,
,,,,
,,,,
,,,,
,,,,
,,,,
,,,,
,,,,
,,,,
,,,,
,,,,
,,,,
,,,,
,,,,
,,,,
,,,,
,,,,
,,,,
,,,,
,,,,
,,,,
,,,,
,,,,
,,,,
,,,,
,,,,
,,,,
,,,,
,,,,
,,,,
,,,,
,,,,
,,,,
,,,,
,,,,
,,,,
,,,,
,,,,
,,,,
,,,,
,,,,
,,,,
,,,,
,,,,
,,,,
,,,,
,,,,
,,,,
,,,,
,,,,
,,,,
,,,,
,,,,
,,,,
,,,,
,,,,
,,,,
,,,,
,,,,
,,,,
,,,,
,,,,
,,,,
,,,,
,,,,
,,,,
,,,,
,,,,
,,,,
,,,,
,,,,
,,,,
,,,,
,,,,
,,,,
,,,,
,,,,
,,,,
,,,,
,,,,
,,,,
,,,,
,,,,
,,,,
,,,,
,,,,
,,,,
,,,,
,,,,
,,,,
,,,,
,,,,
,,,,
,,,,
,,,,
,,,,
,,,,
,,,,
,,,,
,,,,
,,,,
,,,,
,,,,
,,,,
,,,,
,,,,
,,,,
,,,,
,,,,
,,,,
,,,,
,,,,
,,,,
,,,,
,,,,
,,,,
,,,,
,,,,
,,,,
,,,,
,,,,
,,,,
,,,,
,,,,
,,,,
,,,,
,,,,
,,,,
,,,,
,,,,
,,,,
,,,,
,,,,
,,,,
,,,,
,,,,
,,,,
,,,,
,,,,
,,,,
,,,,
,,,,
,,,,
,,,,
,,,,
,,,,
,,,,
,,,,
,,,,
,,,,
,,,,
,,,,
,,,,
,,,,
,,,,
,,,,
,,,,
,,,,
,,,,
,,,,
,,,,
,,,,
,,,,
,,,,
,,,,
,,,,
,,,,
,,,,
,,,,
,,,,
,,,,
,,,,
,,,,
,,,,
,,,,
,,,,
,,,,
,,,,
,,,,
,,,,
,,,,
,,,,
,,,,
,,,,
,,,,
,,,,
,,,,
,,,,
,,,,
,,,,
,,,,
,,,,
,,,,
,,,,
,,,,
,,,,
,,,,
,,,,
,,,,
,,,,
,,,,
,,,,
,,,,
,,,,
,,,,
,,,,
,,,,
,,,,
,,,,
,,,,
,,,,
,,,,
,,,,
,,,,
,,,,
,,,,
,,,,
,,,,
,,,,
,,,,
,,,,
,,,,
,,,,
,,,,
,,,,
,,,,
,,,,
,,,,
,,,,
,,,,
,,,,
,,,,
,,,,
,,,,
,,,,
,,,,
,,,,
,,,,
,,,,
,,,,
,,,,
,,,,
,,,,
,,,,
,,,,
,,,,
,,,,
,,,,
,,,,
,,,,
,,,,
,,,,
,,,,
,,,,
,,,,
,,,,
,,,,
,,,,
,,,,
,,,,
,,,,
,,,,
,,,,
,,,,
,,,,
,,,,
,,,,
,,,,
,,,,
,,,,
,,,,
,,,,
,,,,
,,,,
,,,,
,,,,
,,,,
,,,,
,,,,
,,,,
,,,,
,,,,
,,,,
,,,,
,,,,
,,,,
,,,,
,,,,
,,,,
,,,,
,,,,
,,,,
,,,,
,,,,
,,,,
,,,,
,,,,
,,,,
,,,,
,,,,
,,,,
,,,,
,,,,
,,,,
,,,,
,,,,
,,,,
,,,,
,,,,
,,,,
,,,,
,,,,
,,,,
,,,,
,,,,
,,,,
,,,,
,,,,
,,,,
,,,,
,,,,
,,,,
,,,,
,,,,
,,,,
,,,,
,,,,
,,,,
,,,,
,,,,
,,,,
,,,,
,,,,
,,,,
,,,,
,,,,
,,,,
,,,,
,,,,
,,,,
,,,,
,,,,
,,,,
,,,,
,,,,
,,,,
,,,,
,,,,
,,,,
,,,,
,,,,
,,,,
,,,,
,,,,
,,,,
,,,,
,,,,
,,,,
,,,,
,,,,
,,,,
,,,,
,,,,
,,,,
,,,,
,,,,
,,,,
,,,,
,,,,
,,,,
,,,,
,,,,
,,,,
,,,,
,,,,
,,,,
,,,,
,,,,
,,,,
,,,,
,,,,
,,,,
,,,,
,,,,
,,,,
,,,,
,,,,
,,,,
,,,,
,,,,
,,,,
,,,,
,,,,
,,,,
,,,,
,,,,
,,,,
,,,,
,,,,
,,,,
,,,,
,,,,
,,,,
,,,,
,,,,
,,,,
,,,,
,,,,
,,,,
,,,,
,,,,
,,,,
,,,,
,,,,
,,,,
,,,,
,,,,
,,,,
,,,,
,,,,
,,,,
,,,,
,,,,
,,,,
,,,,
,,,,
,,,,
,,,,
,,,,
,,,,
,,,,
,,,,
,,,,
,,,,
,,,,
,,,,
,,,,
,,,,
,,,,
,,,,
,,,,
,,,,
,,,,
,,,,
,,,,
,,,,
,,,,
,,,,
,,,,
,,,,
,,,,
,,,,
,,,,
,,,,
,,,,
,,,,
,,,,
,,,,
,,,,
,,,,
,,,,
,,,,
,,,,
,,,,
,,,,
,,,,
,,,,
,,,,
,,,,
,,,,
,,,,
,,,,
,,,,
,,,,
,,,,
,,,,
,,,,
,,,,
,,,,
,,,,
,,,,
,,,,
,,,,
,,,,
,,,,
,,,,
,,,,
,,,,
,,,,
,,,,
,,,,
,,,,
,,,,
,,,,
,,,,
,,,,
,,,,
,,,,
,,,,
,,,,
,,,,
,,,,
,,,,
,,,,
,,,,
,,,,
,,,,
,,,,
,,,,
,,,,
,,,,
,,,,
,,,,
,,,,
,,,,
,,,,
,,,,
,,,,
,,,,
,,,,
,,,,
,,,,
,,,,
,,,,
,,,,
,,,,
,,,,
,,,,
,,,,
,,,,
,,,,
,,,,
,,,,
,,,,
,,,,
,,,,
,,,,
,,,,
,,,,
,,,,
,,,,
,,,,
,,,,
,,,,
,,,,
,,,,
,,,,
,,,,
,,,,
,,,,
,,,,
,,,,
,,,,
,,,,
,,,,
,,,,
,,,,
,,,,
,,,,
,,,,
,,,,
,,,,
,,,,
,,,,
,,,,
,,,,
,,,,
,,,,
,,,,
,,,,
,,,,
,,,,
,,,,
,,,,
,,,,
,,,,
,,,,
,,,,
,,,,
,,,,
,,,,
,,,,
,,,,
,,,,
,,,,
,,,,
,,,,
,,,,
,,,,
,,,,
,,,,
,,,,
,,,,
,,,,
,,,,
,,,,
,,,,
,,,,
,,,,
,,,,
,,,,
,,,,
,,,,
,,,,
,,,,
,,,,
,,,,
,,,,
,,,,
,,,,
,,,,
,,,,
,,,,
,,,,
,,,,
,,,,
,,,,
,,,,
,,,,
,,,,
,,,,
,,,,
,,,,
,,,,
,,,,
,,,,
,,,,
,,,,
,,,,
,,,,
,,,,
,,,,
,,,,
,,,,
,,,,
,,,,
,,,,
,,,,
,,,,
,,,,
,,,,
,,,,
,,,,
,,,,
,,,,
,,,,
,,,,
,,,,
,,,,
,,,,
,,,,
,,,,
,,,,
,,,,
,,,,
,,,,
,,,,
,,,,
,,,,
,,,,
,,,,
,,,,
,,,,
,,,,
,,,,
,,,,
,,,,
,,,,
,,,,
,,,,
,,,,
,,,,
,,,,
,,,,
,,,,
,,,,
,,,,
,,,,
,,,,
,,,,
,,,,
,,,,
,,,,
,,,,
,,,,
,,,,
,,,,
,,,,
,,,,
,,,,
,,,,
,,,,
,,,,
,,,,
,,,,
,,,,
,,,,
,,,,
,,,,
,,,,
,,,,
,,,,
,,,,
,,,,
,,,,
,,,,
,,,,
,,,,
,,,,
,,,,
,,,,
,,,,
,,,,
,,,,
,,,,
,,,,
,,,,
,,,,
,,,,
,,,,
,,,,
,,,,
,,,,
,,,,
,,,,
,,,,
,,,,
,,,,
,,,,
,,,,
,,,,
,,,,
,,,,
,,,,
,,,,
,,,,
,,,,
,,,,
,,,,
,,,,
,,,,
,,,,
,,,,
,,,,
,,,,
,,,,
,,,,
,,,,
,,,,
,,,,
,,,,
,,,,
,,,,
,,,,
,,,,
,,,,
,,,,
,,,,
,,,,
,,,,
,,,,
,,,,
,,,,
,,,,
,,,,
,,,,
,,,,
,,,,
,,,,
,,,,
,,,,
,,,,
,,,,
,,,,
,,,,
,,,,
,,,,
,,,,
,,,,
,,,,
,,,,
,,,,
,,,,
,,,,
,,,,
,,,,
,,,,
,,,,
,,,,
,,,,
,,,,
,,,,
,,,,
,,,,
,,,,
,,,,
,,,,
,,,,
,,,,
,,,,
,,,,
,,,,
,,,,
,,,,
,,,,
,,,,
,,,,
,,,,
,,,,
,,,,
,,,,
,,,,
,,,,
,,,,
,,,,
,,,,
,,,,
,,,,
,,,,
,,,,
,,,,
,,,,
,,,,
,,,,
,,,,
,,,,
,,,,
,,,,
,,,,
,,,,
,,,,
,,,,
,,,,
,,,,
,,,,
,,,,
,,,,
,,,,
,,,,
,,,,
,,,,
,,,,
,,,,
,,,,
,,,,
,,,,
,,,,
,,,,
,,,,
,,,,
,,,,
,,,,
,,,,
,,,,
,,,,
,,,,
,,,,
,,,,
,,,,
,,,,
,,,,
,,,,
,,,,
,,,,
,,,,
,,,,
,,,,
,,,,
,,,,
,,,,
,,,,
,,,,
,,,,
,,,,
,,,,
,,,,
,,,,
,,,,
,,,,
,,,,
,,,,
,,,,
,,,,
,,,,
,,,,
,,,,
,,,,
